build,M,N,K,fp32_exit,default_exit,fp32_ok,verdict,forward_ret,logged
orig,1,1024,256,0,0,yes,silent_wrong,0,no
fixed,1,1024,256,0,0,yes,clean_error,-100,yes
orig,1,4096,256,0,139,yes,crash,0,no
fixed,1,4096,256,0,0,yes,clean_error,-100,yes
orig,1,16384,256,0,139,yes,crash,0,no
fixed,1,16384,256,0,0,yes,clean_error,-100,yes
orig,1,32768,256,0,139,yes,crash,0,no
fixed,1,32768,256,0,0,yes,clean_error,-100,yes
orig,1,49152,256,0,139,yes,crash,0,no
fixed,1,49152,256,0,0,yes,clean_error,-100,yes
orig,1,65536,256,0,139,yes,crash,0,no
fixed,1,65536,256,0,0,yes,clean_error,-100,yes
orig,1,70000,256,0,139,yes,crash,0,no
fixed,1,70000,256,0,0,yes,clean_error,-100,yes
orig,1,74000,256,0,139,yes,crash,0,no
fixed,1,74000,256,0,0,yes,clean_error,-100,yes
orig,1,75700,256,0,139,yes,crash,0,no
fixed,1,75700,256,0,0,yes,clean_error,-100,yes
orig,1,75800,256,0,139,yes,crash,0,no
fixed,1,75800,256,0,0,yes,clean_error,-100,yes
orig,1,80000,256,0,139,yes,crash,0,no
fixed,1,80000,256,0,0,yes,clean_error,-100,yes
orig,1,98304,256,0,139,yes,crash,0,no
fixed,1,98304,256,0,0,yes,clean_error,-100,yes
orig,1,131072,256,0,139,yes,crash,0,no
fixed,1,131072,256,0,0,yes,clean_error,-100,yes
orig,1,151936,256,0,139,yes,crash,0,no
fixed,1,151936,256,0,0,yes,clean_error,-100,yes
orig,1,1024,1024,0,0,yes,silent_wrong,0,no
fixed,1,1024,1024,0,0,yes,clean_error,-100,yes
orig,1,4096,1024,0,0,yes,silent_wrong,0,no
fixed,1,4096,1024,0,0,yes,clean_error,-100,yes
orig,1,16384,1024,0,0,yes,silent_wrong,0,no
fixed,1,16384,1024,0,0,yes,clean_error,-100,yes
orig,1,32768,1024,0,0,yes,silent_wrong,0,no
fixed,1,32768,1024,0,0,yes,clean_error,-100,yes
orig,1,49152,1024,0,0,yes,silent_wrong,0,no
fixed,1,49152,1024,0,0,yes,clean_error,-100,yes
orig,1,65536,1024,0,0,yes,silent_wrong,0,no
fixed,1,65536,1024,0,0,yes,clean_error,-100,yes
orig,1,70000,1024,0,0,yes,silent_wrong,0,no
fixed,1,70000,1024,0,0,yes,clean_error,-100,yes
orig,1,74000,1024,0,0,yes,silent_wrong,0,no
fixed,1,74000,1024,0,0,yes,clean_error,-100,yes
orig,1,75700,1024,0,0,yes,silent_wrong,0,no
fixed,1,75700,1024,0,0,yes,clean_error,-100,yes
orig,1,75800,1024,0,139,yes,crash,0,no
fixed,1,75800,1024,0,0,yes,clean_error,-100,yes
orig,1,80000,1024,0,139,yes,crash,0,no
fixed,1,80000,1024,0,0,yes,clean_error,-100,yes
orig,1,98304,1024,0,139,yes,crash,0,no
fixed,1,98304,1024,0,0,yes,clean_error,-100,yes
orig,1,131072,1024,0,139,yes,crash,0,no
fixed,1,131072,1024,0,0,yes,clean_error,-100,yes
orig,1,151936,1024,0,139,yes,crash,0,no
fixed,1,151936,1024,0,0,yes,clean_error,-100,yes
orig,1,1024,2048,0,0,yes,silent_wrong,0,no
fixed,1,1024,2048,0,0,yes,clean_error,-100,yes
orig,1,4096,2048,0,0,yes,silent_wrong,0,no
fixed,1,4096,2048,0,0,yes,clean_error,-100,yes
orig,1,16384,2048,0,0,yes,silent_wrong,0,no
fixed,1,16384,2048,0,0,yes,clean_error,-100,yes
orig,1,32768,2048,0,0,yes,silent_wrong,0,no
fixed,1,32768,2048,0,0,yes,clean_error,-100,yes
orig,1,49152,2048,0,139,yes,crash,0,no
fixed,1,49152,2048,0,0,yes,clean_error,-100,yes
orig,1,65536,2048,0,139,yes,crash,0,no
fixed,1,65536,2048,0,0,yes,clean_error,-100,yes
orig,1,70000,2048,0,139,yes,crash,0,no
fixed,1,70000,2048,0,0,yes,clean_error,-100,yes
orig,1,74000,2048,0,139,yes,crash,0,no
fixed,1,74000,2048,0,0,yes,clean_error,-100,yes
orig,1,75700,2048,0,139,yes,crash,0,no
fixed,1,75700,2048,0,0,yes,clean_error,-100,yes
orig,1,75800,2048,0,139,yes,crash,0,no
fixed,1,75800,2048,0,0,yes,clean_error,-100,yes
orig,1,80000,2048,0,139,yes,crash,0,no
fixed,1,80000,2048,0,0,yes,clean_error,-100,yes
orig,1,98304,2048,0,139,yes,crash,0,no
fixed,1,98304,2048,0,0,yes,clean_error,-100,yes
orig,1,131072,2048,0,139,yes,crash,0,no
fixed,1,131072,2048,0,0,yes,clean_error,-100,yes
orig,1,151936,2048,0,139,yes,crash,0,no
fixed,1,151936,2048,0,0,yes,clean_error,-100,yes
orig,32,1024,256,0,0,yes,silent_wrong,0,no
fixed,32,1024,256,0,0,yes,clean_error,-100,yes
orig,32,4096,256,0,139,yes,crash,0,no
fixed,32,4096,256,0,0,yes,clean_error,-100,yes
orig,32,16384,256,0,139,yes,crash,0,no
fixed,32,16384,256,0,0,yes,clean_error,-100,yes
orig,32,32768,256,0,139,yes,crash,0,no
fixed,32,32768,256,0,0,yes,clean_error,-100,yes
orig,32,49152,256,0,139,yes,crash,0,no
fixed,32,49152,256,0,0,yes,clean_error,-100,yes
orig,32,65536,256,0,139,yes,crash,0,no
fixed,32,65536,256,0,0,yes,clean_error,-100,yes
orig,32,70000,256,0,139,yes,crash,0,no
fixed,32,70000,256,0,0,yes,clean_error,-100,yes
orig,32,74000,256,0,139,yes,crash,0,no
fixed,32,74000,256,0,0,yes,clean_error,-100,yes
orig,32,75700,256,0,139,yes,crash,0,no
fixed,32,75700,256,0,0,yes,clean_error,-100,yes
orig,32,75800,256,0,139,yes,crash,0,no
fixed,32,75800,256,0,0,yes,clean_error,-100,yes
orig,32,80000,256,0,139,yes,crash,0,no
fixed,32,80000,256,0,0,yes,clean_error,-100,yes
orig,32,98304,256,0,139,yes,crash,0,no
fixed,32,98304,256,0,0,yes,clean_error,-100,yes
orig,32,131072,256,0,139,yes,crash,0,no
fixed,32,131072,256,0,0,yes,clean_error,-100,yes
orig,32,151936,256,0,139,yes,crash,0,no
fixed,32,151936,256,0,0,yes,clean_error,-100,yes
orig,32,1024,1024,0,139,yes,crash,0,no
fixed,32,1024,1024,0,0,yes,clean_error,-100,yes
orig,32,4096,1024,0,139,yes,crash,0,no
fixed,32,4096,1024,0,0,yes,clean_error,-100,yes
orig,32,16384,1024,0,139,yes,crash,0,no
fixed,32,16384,1024,0,0,yes,clean_error,-100,yes
orig,32,32768,1024,0,139,yes,crash,0,no
fixed,32,32768,1024,0,0,yes,clean_error,-100,yes
orig,32,49152,1024,0,139,yes,crash,0,no
fixed,32,49152,1024,0,0,yes,clean_error,-100,yes
orig,32,65536,1024,0,139,yes,crash,0,no
fixed,32,65536,1024,0,0,yes,clean_error,-100,yes
orig,32,70000,1024,0,139,yes,crash,0,no
fixed,32,70000,1024,0,0,yes,clean_error,-100,yes
orig,32,74000,1024,0,139,yes,crash,0,no
fixed,32,74000,1024,0,0,yes,clean_error,-100,yes
orig,32,75700,1024,0,139,yes,crash,0,no
fixed,32,75700,1024,0,0,yes,clean_error,-100,yes
orig,32,75800,1024,0,139,yes,crash,0,no
fixed,32,75800,1024,0,0,yes,clean_error,-100,yes
orig,32,80000,1024,0,139,yes,crash,0,no
fixed,32,80000,1024,0,0,yes,clean_error,-100,yes
orig,32,98304,1024,0,139,yes,crash,0,no
fixed,32,98304,1024,0,0,yes,clean_error,-100,yes
orig,32,131072,1024,0,139,yes,crash,0,no
fixed,32,131072,1024,0,0,yes,clean_error,-100,yes
orig,32,151936,1024,0,139,yes,crash,0,no
fixed,32,151936,1024,0,0,yes,clean_error,-100,yes
orig,32,1024,2048,0,139,yes,crash,0,no
fixed,32,1024,2048,0,0,yes,clean_error,-100,yes
orig,32,4096,2048,0,139,yes,crash,0,no
fixed,32,4096,2048,0,0,yes,clean_error,-100,yes
orig,32,16384,2048,0,139,yes,crash,0,no
fixed,32,16384,2048,0,0,yes,clean_error,-100,yes
orig,32,32768,2048,0,139,yes,crash,0,no
fixed,32,32768,2048,0,0,yes,clean_error,-100,yes
orig,32,49152,2048,0,139,yes,crash,0,no
fixed,32,49152,2048,0,0,yes,clean_error,-100,yes
orig,32,65536,2048,0,139,yes,crash,0,no
fixed,32,65536,2048,0,0,yes,clean_error,-100,yes
orig,32,70000,2048,0,139,yes,crash,0,no
fixed,32,70000,2048,0,0,yes,clean_error,-100,yes
orig,32,74000,2048,0,139,yes,crash,0,no
fixed,32,74000,2048,0,0,yes,clean_error,-100,yes
orig,32,75700,2048,0,139,yes,crash,0,no
fixed,32,75700,2048,0,0,yes,clean_error,-100,yes
orig,32,75800,2048,0,139,yes,crash,0,no
fixed,32,75800,2048,0,0,yes,clean_error,-100,yes
orig,32,80000,2048,0,139,yes,crash,0,no
fixed,32,80000,2048,0,0,yes,clean_error,-100,yes
orig,32,98304,2048,0,139,yes,crash,0,no
fixed,32,98304,2048,0,0,yes,clean_error,-100,yes
orig,32,131072,2048,0,139,yes,crash,0,no
fixed,32,131072,2048,0,0,yes,clean_error,-100,yes
orig,32,151936,2048,0,139,yes,crash,0,no
fixed,32,151936,2048,0,0,yes,clean_error,-100,yes
