variant,shape,mode,rep,ms,gflops
orig,"1 151936 1024",fp16in,1,45.8060,6.79
fixed,"1 151936 1024",fp16in,1,46.3540,6.71
orig,"1 151936 1024",fp32,1,93.1264,3.34
fixed,"1 151936 1024",fp32,1,93.2007,3.34
orig,"128 2048 1024",fp16in,1,1.2924,415.42
fixed,"128 2048 1024",fp16in,1,1.3543,396.40
orig,"128 2048 1024",fp32,1,2.4253,221.37
fixed,"128 2048 1024",fp32,1,2.4051,223.22
orig,"1 4096 1024",fp16in,1,0.3679,22.80
fixed,"1 4096 1024",fp16in,1,0.3671,22.85
orig,"1 4096 1024",fp32,1,0.7650,10.97
fixed,"1 4096 1024",fp32,1,0.7621,11.01
orig,"512 2048 1024",fp16in,1,4.9555,433.36
fixed,"512 2048 1024",fp16in,1,5.0491,425.32
orig,"512 2048 1024",fp32,1,9.3661,229.28
fixed,"512 2048 1024",fp32,1,9.4346,227.62
fixed,"1 151936 1024",fp16in,2,46.2470,6.73
orig,"1 151936 1024",fp16in,2,46.4067,6.71
fixed,"1 151936 1024",fp32,2,93.6227,3.32
orig,"1 151936 1024",fp32,2,92.7563,3.35
fixed,"128 2048 1024",fp16in,2,1.2908,415.92
orig,"128 2048 1024",fp16in,2,1.2946,414.70
fixed,"128 2048 1024",fp32,2,2.4115,222.62
orig,"128 2048 1024",fp32,2,2.3579,227.69
fixed,"1 4096 1024",fp16in,2,0.3636,23.07
orig,"1 4096 1024",fp16in,2,0.3637,23.06
fixed,"1 4096 1024",fp32,2,0.7605,11.03
orig,"1 4096 1024",fp32,2,0.7818,10.73
fixed,"512 2048 1024",fp16in,2,5.0450,425.67
orig,"512 2048 1024",fp16in,2,5.1807,414.52
fixed,"512 2048 1024",fp32,2,9.7443,220.38
orig,"512 2048 1024",fp32,2,9.4987,226.08
orig,"1 151936 1024",fp16in,3,45.9807,6.77
fixed,"1 151936 1024",fp16in,3,45.8743,6.78
orig,"1 151936 1024",fp32,3,92.9787,3.35
fixed,"1 151936 1024",fp32,3,93.4515,3.33
orig,"128 2048 1024",fp16in,3,1.2873,417.06
fixed,"128 2048 1024",fp16in,3,1.2908,415.93
orig,"128 2048 1024",fp32,3,2.3538,228.09
fixed,"128 2048 1024",fp32,3,2.4674,217.59
orig,"1 4096 1024",fp16in,3,0.3620,23.17
fixed,"1 4096 1024",fp16in,3,0.3661,22.91
orig,"1 4096 1024",fp32,3,0.7828,10.72
fixed,"1 4096 1024",fp32,3,0.7675,10.93
orig,"512 2048 1024",fp16in,3,5.0962,421.39
fixed,"512 2048 1024",fp16in,3,5.1083,420.39
orig,"512 2048 1024",fp32,3,9.4017,228.42
fixed,"512 2048 1024",fp32,3,9.5010,226.03
fixed,"1 151936 1024",fp16in,4,46.6510,6.67
orig,"1 151936 1024",fp16in,4,45.8511,6.79
fixed,"1 151936 1024",fp32,4,94.1265,3.31
orig,"1 151936 1024",fp32,4,92.6622,3.36
fixed,"128 2048 1024",fp16in,4,1.2875,416.98
orig,"128 2048 1024",fp16in,4,1.2942,414.82
fixed,"128 2048 1024",fp32,4,2.5756,208.45
orig,"128 2048 1024",fp32,4,2.4828,216.23
fixed,"1 4096 1024",fp16in,4,0.3652,22.97
orig,"1 4096 1024",fp16in,4,0.3649,22.99
fixed,"1 4096 1024",fp32,4,0.7627,11.00
orig,"1 4096 1024",fp32,4,0.7663,10.95
fixed,"512 2048 1024",fp16in,4,5.1990,413.06
orig,"512 2048 1024",fp16in,4,5.1305,418.57
fixed,"512 2048 1024",fp32,4,9.8373,218.30
orig,"512 2048 1024",fp32,4,9.7477,220.31
orig,"1 151936 1024",fp16in,5,46.0054,6.76
fixed,"1 151936 1024",fp16in,5,46.5483,6.68
orig,"1 151936 1024",fp32,5,92.9603,3.35
fixed,"1 151936 1024",fp32,5,92.9827,3.35
orig,"128 2048 1024",fp16in,5,1.2865,417.32
fixed,"128 2048 1024",fp16in,5,1.3264,404.77
orig,"128 2048 1024",fp32,5,2.3648,227.03
fixed,"128 2048 1024",fp32,5,2.4361,220.38
orig,"1 4096 1024",fp16in,5,0.3634,23.09
fixed,"1 4096 1024",fp16in,5,0.3615,23.20
orig,"1 4096 1024",fp32,5,0.7595,11.05
fixed,"1 4096 1024",fp32,5,0.7576,11.07
orig,"512 2048 1024",fp16in,5,5.0693,423.63
fixed,"512 2048 1024",fp16in,5,5.0516,425.11
orig,"512 2048 1024",fp32,5,9.4937,226.20
fixed,"512 2048 1024",fp32,5,9.7098,221.17
