key,mode,variant,n,mu,sdev,se,ci_lo,ci_hi
fp16in M=1 N=151936,fp16in,unpatched (16bdc2d),5,46.00998,0.2372318212213535,0.10609329573540471,45.71541778836113,46.30454221163887
fp16in M=1 N=151936,fp16in,with mismatch guard,5,46.33492,0.3023666433322312,0.13522247372386048,45.959482224716645,46.71035777528335
fp16in M=1 N=4096,fp16in,unpatched (16bdc2d),5,0.36438,0.00222193609269034,9.936800289831748e-4,0.36162110194739683,0.36713889805260314
fp16in M=1 N=4096,fp16in,with mismatch guard,5,0.36469999999999997,0.0022034064536530706,9.85393322486001e-4,0.3619641095330891,0.36743589046691083
fp16in M=128 N=2048,fp16in,unpatched (16bdc2d),5,1.291,0.0038438262187564906,0.001719011343767098,1.2862272593688182,1.2957727406311816
fp16in M=128 N=2048,fp16in,with mismatch guard,5,1.30996,0.02947444655968966,0.013181373221330178,1.2733626408398526,1.3465573591601474
fp16in M=512 N=2048,fp16in,unpatched (16bdc2d),5,5.08644,0.08420295719272569,0.0376567072378879,4.981888219511499,5.1909917804885
fp16in M=512 N=2048,fp16in,with mismatch guard,5,5.0906,0.06592886317842889,0.029484283949249967,5.008738504148844,5.172461495851157
fp32 M=1 N=151936,fp32,unpatched (16bdc2d),5,92.89678,0.18589878159902273,0.08313646251796038,92.66595617557856,93.12760382442146
fp32 M=1 N=151936,fp32,with mismatch guard,5,93.47681999999999,0.4371507200039812,0.1954997452683758,92.93402568918219,94.01961431081779
fp32 M=1 N=4096,fp32,unpatched (16bdc2d),5,0.77108,0.010561581320995491,0.004723282756727589,0.7579660647096186,0.7841939352903814
fp32 M=1 N=4096,fp32,with mismatch guard,5,0.76208,0.0036169047540680174,0.001617528979647649,0.7575890195819417,0.7665709804180583
fp32 M=128 N=2048,fp32,unpatched (16bdc2d),5,2.39692,0.056112360492141196,0.025094210487680253,2.3272473021226774,2.466592697877323
fp32 M=128 N=2048,fp32,with mismatch guard,5,2.45914,0.06955553895988442,0.031106182665187315,2.372775391397852,2.545504608602148
fp32 M=512 N=2048,fp32,unpatched (16bdc2d),5,9.50158,0.14914446687691785,0.0666994332809508,9.316392684947639,9.686767315052363
fp32 M=512 N=2048,fp32,with mismatch guard,5,9.6454,0.1703248220313181,0.07617157606351621,9.43391380048325,9.856886199516751
