test,kind,arm,n_rep,mu,sdev,se,ci_lo,ci_hi
pp128,prefill,off,5,20.227625969019634,1.5187773645801481,0.6792178859778385,18.341814794133672,22.113437143905596
pp128,prefill,gemm,5,75.22743236036709,4.428408739260974,1.980444594628336,69.72883665949581,80.72602806123837
pp128,prefill,both,5,373.6268414124978,8.365805111855764,3.7413017833249436,363.2393223891175,384.01436043587813
pp512,prefill,off,5,15.197702618633231,0.8810081121333035,0.3939988054917648,14.103786563671843,16.29161867359462
pp512,prefill,gemm,5,19.198278759242967,0.13839035978077024,0.06189005038009103,19.02644443180472,19.370113086681215
pp512,prefill,both,5,362.54460146968256,4.221853798857592,1.8880704170622598,357.3024776019613,367.7867253374038
tg128,decode,off,5,6.01282186340721,0.04833024576043471,0.021613942977920603,5.952811937222139,6.072831789592282
tg128,decode,gemm,5,9.790136733557034,0.040834883323615116,0.01826191499297519,9.73943352906325,9.840839938050818
tg128,decode,both,5,9.796913397101013,0.01741216963323312,0.007786958987133367,9.77529333293681,9.818533461265217
tg32,decode,off,5,6.051469427314651,0.04405919014632859,0.019703868840155927,5.996762717119941,6.106176137509362
tg32,decode,gemm,5,9.921562303925608,0.032072765053043975,0.014343376576997195,9.881738706236396,9.96138590161482
tg32,decode,both,5,9.92882566104718,0.008581632782784688,0.00383782285204945,9.918170156574991,9.939481165519368
