test,kind,arm,rep,rmean,rsd,n
pp128,prefill,off,1,19.202023330057546,1.3842787487832828,6
pp128,prefill,off,2,21.692736846218406,7.445244555352247,6
pp128,prefill,off,3,18.828963483208682,0.6684426886417819,6
pp128,prefill,off,4,22.051093507345314,7.265160875507192,6
pp128,prefill,off,5,19.36331267826822,0.9932647361840226,6
pp128,prefill,gemm,1,75.3543406212669,2.583649161207288,6
pp128,prefill,gemm,2,81.37747972250776,13.185785301520452,6
pp128,prefill,gemm,3,75.2942842043058,2.1822444327626105,6
pp128,prefill,gemm,4,68.85571520837124,13.297423434766081,6
pp128,prefill,gemm,5,75.25534204538376,2.2839328404360804,6
pp128,prefill,both,1,362.75633423949563,6.456718397539223,6
pp128,prefill,both,2,384.7359742156111,8.273805304260085,6
pp128,prefill,both,3,371.1160700205771,6.637764496987574,6
pp128,prefill,both,4,370.92359621080203,5.694324175050412,6
pp128,prefill,both,5,378.60223237600303,4.5795618612938735,6
pp512,prefill,off,1,14.795697380107894,2.146608284108593,6
pp512,prefill,off,2,15.027973367276022,0.7647514693330969,6
pp512,prefill,off,3,15.102087724703683,1.7776487779435781,6
pp512,prefill,off,4,14.37326135433448,1.1379935521325426,6
pp512,prefill,off,5,16.689493266744076,1.591212040431133,6
pp512,prefill,gemm,1,19.305719206348908,0.3060160890502139,6
pp512,prefill,gemm,2,19.09171278159339,0.8779797198387058,6
pp512,prefill,gemm,3,19.35409832956773,0.8408618086512241,6
pp512,prefill,gemm,4,19.21253724649591,0.9376702408444737,6
pp512,prefill,gemm,5,19.0273262322089,0.9669551010360855,6
pp512,prefill,both,1,356.1006183113586,3.3348253336515055,6
pp512,prefill,both,2,364.7855134723813,3.770416115690657,6
pp512,prefill,both,3,360.8526677056039,7.636501680663414,6
pp512,prefill,both,4,363.9902032864469,5.124110445335013,6
pp512,prefill,both,5,366.9940045726222,2.4636545341284464,6
tg128,decode,off,1,5.9478956583808795,0.16192790703335283,6
tg128,decode,off,2,6.012782081380718,0.17406013561414393,6
tg128,decode,off,3,6.066108811751322,0.16687946106278415,6
tg128,decode,off,4,5.98534368398961,0.19874725623321615,6
tg128,decode,off,5,6.051979081533521,0.17285611098578005,6
tg128,decode,gemm,1,9.779797177288064,0.5263251288498485,6
tg128,decode,gemm,2,9.831334118912787,0.461978879301394,6
tg128,decode,gemm,3,9.796882282122672,0.48253046385619724,6
tg128,decode,gemm,4,9.725984684372074,0.5038190357466388,6
tg128,decode,gemm,5,9.81668540508957,0.4864906284924207,6
tg128,decode,both,1,9.780826785875707,0.5084625695736257,6
tg128,decode,both,2,9.808492479761385,0.5151530506356744,6
tg128,decode,both,3,9.797712886559534,0.5170383134094813,6
tg128,decode,both,4,9.778613429096241,0.4726390798769413,6
tg128,decode,both,5,9.818921404212201,0.5109384464353292,6
tg32,decode,off,1,5.997363208522636,0.17366207044363852,6
tg32,decode,off,2,6.028970876035751,0.18659955650477864,6
tg32,decode,off,3,6.09239267835512,0.17510671859142882,6
tg32,decode,off,4,6.037530607318015,0.19676632952383655,6
tg32,decode,off,5,6.101089766341735,0.16276073444456893,6
tg32,decode,gemm,1,9.951135488057004,0.47206483694885665,6
tg32,decode,gemm,2,9.957223640843166,0.5003197903840961,6
tg32,decode,gemm,3,9.89336849054119,0.44248874899781415,6
tg32,decode,gemm,4,9.887430308013247,0.518315295657018,6
tg32,decode,gemm,5,9.918653592173433,0.4681561946718482,6
tg32,decode,both,1,9.942370536338327,0.48926375920037685,6
tg32,decode,both,2,9.931901041908507,0.4815283332376897,6
tg32,decode,both,3,9.921353339946421,0.5639160183341311,6
tg32,decode,both,4,9.925662035730008,0.49153383819695007,6
tg32,decode,both,5,9.92284135131263,0.5346463990105184,6
