rep,arm,kind,prompt_size,response_size,run,value,test
1,both,prefill,128,32,1,361.1158207994755,pp128
1,both,prefill,128,32,2,369.43294467459356,pp128
1,both,prefill,128,32,3,361.15111757242545,pp128
1,both,decode,128,32,1,10.398924958028067,tg32
1,both,decode,128,32,2,10.329951875203497,tg32
1,both,decode,128,32,3,10.432208592740778,tg32
1,both,prefill,128,128,1,364.6018063985579,pp128
1,both,prefill,128,128,2,368.5227762280592,pp128
1,both,prefill,128,128,3,351.71353976386223,pp128
1,both,decode,128,128,1,10.226202955553768,tg128
1,both,decode,128,128,2,10.242605079328177,tg128
1,both,decode,128,128,3,10.261954076021382,tg128
1,both,prefill,512,32,1,360.4147133708286,pp512
1,both,prefill,512,32,2,358.17351371502906,pp512
1,both,prefill,512,32,3,352.38799532128843,pp512
1,both,decode,512,32,1,9.482726596969965,tg32
1,both,decode,512,32,2,9.554163008693013,tg32
1,both,decode,512,32,3,9.456248186394646,tg32
1,both,prefill,512,128,1,353.15934783655183,pp512
1,both,prefill,512,128,2,353.9727949047263,pp512
1,both,prefill,512,128,3,358.49534471972714,pp512
1,both,decode,512,128,1,9.311511484152964,tg128
1,both,decode,512,128,2,9.261838068034455,tg128
1,both,decode,512,128,3,9.380849052163494,tg128
1,gemm,prefill,128,32,1,74.12092854534794,pp128
1,gemm,prefill,128,32,2,79.6185512118746,pp128
1,gemm,prefill,128,32,3,77.28600586009182,pp128
1,gemm,decode,128,32,1,10.340845019677783,tg32
1,gemm,decode,128,32,2,10.427507514887024,tg32
1,gemm,decode,128,32,3,10.374810518559938,tg32
1,gemm,prefill,128,128,1,73.1877144456746,pp128
1,gemm,prefill,128,128,2,74.77418224045063,pp128
1,gemm,prefill,128,128,3,73.13866142416178,pp128
1,gemm,decode,128,128,1,10.303046664928535,tg128
1,gemm,decode,128,128,2,10.218075047506364,tg128
1,gemm,decode,128,128,3,10.256398921147989,tg128
1,gemm,prefill,512,32,1,19.376454282909005,pp512
1,gemm,prefill,512,32,2,19.70546519740301,pp512
1,gemm,prefill,512,32,3,19.604373968369767,pp512
1,gemm,decode,512,32,1,9.55136146325275,tg32
1,gemm,decode,512,32,2,9.50031583525672,tg32
1,gemm,decode,512,32,3,9.511972576707809,tg32
1,gemm,prefill,512,128,1,19.019680126766396,pp512
1,gemm,prefill,512,128,2,18.97550102674876,pp512
1,gemm,prefill,512,128,3,19.15284063589651,pp512
1,gemm,decode,512,128,1,9.306076735673894,tg128
1,gemm,decode,512,128,2,9.261461990899516,tg128
1,gemm,decode,512,128,3,9.333723703572078,tg128
1,off,prefill,128,32,1,21.449331411781273,pp128
1,off,prefill,128,32,2,19.356720531095398,pp128
1,off,prefill,128,32,3,20.080164919358356,pp128
1,off,decode,128,32,1,6.164783550675039,tg32
1,off,decode,128,32,2,6.138017601005247,tg32
1,off,decode,128,32,3,6.161747896173268,tg32
1,off,prefill,128,128,1,17.84224302876922,pp128
1,off,prefill,128,128,2,18.388083731321526,pp128
1,off,prefill,128,128,3,18.09559635801951,pp128
1,off,decode,128,128,1,6.091786582575672,tg128
1,off,decode,128,128,2,6.099513029753346,tg128
1,off,decode,128,128,3,6.095152624480698,tg128
1,off,prefill,512,32,1,14.772177798725263,pp512
1,off,prefill,512,32,2,15.351426009829494,pp512
1,off,prefill,512,32,3,18.623265517003016,pp512
1,off,decode,512,32,1,5.821606854225724,tg32
1,off,decode,512,32,2,5.8260947858206595,tg32
1,off,decode,512,32,3,5.8719285632358735,tg32
1,off,prefill,512,128,1,14.291903800251665,pp512
1,off,prefill,512,128,2,12.425067152591794,pp512
1,off,prefill,512,128,3,13.310344002246131,pp512
1,off,decode,512,128,1,5.804704098965988,tg128
1,off,decode,512,128,2,5.784876805887836,tg128
1,off,decode,512,128,3,5.811340808621734,tg128
2,both,prefill,128,32,1,398.2834554192087,pp128
2,both,prefill,128,32,2,378.57515154403404,pp128
2,both,prefill,128,32,3,380.46075551829716,pp128
2,both,decode,128,32,1,10.378738814192554,tg32
2,both,decode,128,32,2,10.27931859101309,tg32
2,both,decode,128,32,3,10.447633705740628,tg32
2,both,prefill,128,128,1,380.46712465671857,pp128
2,both,prefill,128,128,2,391.7807025083152,pp128
2,both,prefill,128,128,3,378.8486556470929,pp128
2,both,decode,128,128,1,10.206476679262742,tg128
2,both,decode,128,128,2,10.372352865736277,tg128
2,both,decode,128,128,3,10.24857834870536,tg128
2,both,prefill,512,32,1,367.7029628072317,pp512
2,both,prefill,512,32,2,367.7621196962154,pp512
2,both,prefill,512,32,3,364.4539861053434,pp512
2,both,decode,512,32,1,9.470630230050219,tg32
2,both,decode,512,32,2,9.50148573203052,tg32
2,both,decode,512,32,3,9.513599178424027,tg32
2,both,prefill,512,128,1,357.6351944266454,pp512
2,both,prefill,512,128,2,364.8012763769599,pp512
2,both,prefill,512,128,3,366.357541421892,pp512
2,both,decode,512,128,1,9.343291992280072,tg128
2,both,decode,512,128,2,9.369832621220217,tg128
2,both,decode,512,128,3,9.310422371363645,tg128
2,gemm,prefill,128,32,1,73.73022735874068,pp128
2,gemm,prefill,128,32,2,75.69525389615339,pp128
2,gemm,prefill,128,32,3,76.9215661371745,pp128
2,gemm,decode,128,32,1,10.39646973908564,tg32
2,gemm,decode,128,32,2,10.435063560978051,tg32
2,gemm,decode,128,32,3,10.408518919329989,tg32
2,gemm,prefill,128,128,1,77.59533997582396,pp128
2,gemm,prefill,128,128,2,76.16409642336147,pp128
2,gemm,prefill,128,128,3,108.1583945437926,pp128
2,gemm,decode,128,128,1,10.240607989722413,tg128
2,gemm,decode,128,128,2,10.263141320559262,tg128
2,gemm,decode,128,128,3,10.253300073829326,tg128
2,gemm,prefill,512,32,1,20.55777054259006,pp512
2,gemm,prefill,512,32,2,18.19839989671138,pp512
2,gemm,prefill,512,32,3,18.42670556617561,pp512
2,gemm,decode,512,32,1,9.527127595548436,tg32
2,gemm,decode,512,32,2,9.46077079778418,tg32
2,gemm,decode,512,32,3,9.515391232332696,tg32
2,gemm,prefill,512,128,1,19.40285076075364,pp512
2,gemm,prefill,512,128,2,18.567598001929657,pp512
2,gemm,prefill,512,128,3,19.396951921399992,pp512
2,gemm,decode,512,128,1,9.434803968230879,tg128
2,gemm,decode,512,128,2,9.363127951183149,tg128
2,gemm,decode,512,128,3,9.433023409951694,tg128
2,off,prefill,128,32,1,17.806462272954363,pp128
2,off,prefill,128,32,2,18.30408076686044,pp128
2,off,prefill,128,32,3,36.83958548242809,pp128
2,off,decode,128,32,1,6.201087050571532,tg32
2,off,decode,128,32,2,6.210994373057768,tg32
2,off,decode,128,32,3,6.183516379026858,tg32
2,off,prefill,128,128,1,19.599497822850456,pp128
2,off,prefill,128,128,2,18.62040299160169,pp128
2,off,prefill,128,128,3,18.986391740615392,pp128
2,off,decode,128,128,1,6.180372143384293,tg128
2,off,decode,128,128,2,6.168889439791925,tg128
2,off,decode,128,128,3,6.164618752153301,tg128
2,off,prefill,512,32,1,13.978324248704308,pp512
2,off,prefill,512,32,2,14.522233315998509,pp512
2,off,prefill,512,32,3,16.1961792286775,pp512
2,off,decode,512,32,1,5.883640008076451,tg32
2,off,decode,512,32,2,5.834607279213319,tg32
2,off,decode,512,32,3,5.859980166268574,tg32
2,off,prefill,512,128,1,15.092598125171603,pp512
2,off,prefill,512,128,2,14.919267018455098,pp512
2,off,prefill,512,128,3,15.459238266649116,pp512
2,off,decode,512,128,1,5.843104106688808,tg128
2,off,decode,512,128,2,5.8455406354855395,tg128
2,off,decode,512,128,3,5.87416741078044,tg128
3,both,prefill,128,32,1,382.3991830881683,pp128
3,both,prefill,128,32,2,362.9096696167402,pp128
3,both,prefill,128,32,3,369.26253678609663,pp128
3,both,decode,128,32,1,10.415747522477107,tg32
3,both,decode,128,32,2,10.437951719624177,tg32
3,both,decode,128,32,3,10.445416453924308,tg32
3,both,prefill,128,128,1,373.6978586951375,pp128
3,both,prefill,128,128,2,371.25145619958664,pp128
3,both,prefill,128,128,3,367.1757157377336,pp128
3,both,decode,128,128,1,10.262802094471304,tg128
3,both,decode,128,128,2,10.257701624199955,tg128
3,both,decode,128,128,3,10.28634720934233,tg128
3,both,prefill,512,32,1,358.97281160228664,pp512
3,both,prefill,512,32,2,362.74658948954425,pp512
3,both,prefill,512,32,3,369.86509839646595,pp512
3,both,decode,512,32,1,9.467257143960074,tg32
3,both,decode,512,32,2,9.298336688392643,tg32
3,both,decode,512,32,3,9.463410511300223,tg32
3,both,prefill,512,128,1,362.1702595172537,pp512
3,both,prefill,512,128,2,364.28294759047014,pp512
3,both,prefill,512,128,3,347.0782996376025,pp512
3,both,decode,512,128,1,9.318862833001452,tg128
3,both,decode,512,128,2,9.373298764722232,tg128
3,both,decode,512,128,3,9.287264793619936,tg128
3,gemm,prefill,128,32,1,74.49588189727598,pp128
3,gemm,prefill,128,32,2,73.64466636058071,pp128
3,gemm,prefill,128,32,3,73.67586365420098,pp128
3,gemm,decode,128,32,1,10.320638139982824,tg32
3,gemm,decode,128,32,2,10.26519771397015,tg32
3,gemm,decode,128,32,3,10.30408533476291,tg32
3,gemm,prefill,128,128,1,75.5781880559384,pp128
3,gemm,prefill,128,128,2,79.48757234707517,pp128
3,gemm,prefill,128,128,3,74.88353291076349,pp128
3,gemm,decode,128,128,1,10.18953964581904,tg128
3,gemm,decode,128,128,2,10.218895273632949,tg128
3,gemm,decode,128,128,3,10.298008861309231,tg128
3,gemm,prefill,512,32,1,20.279766378928468,pp512
3,gemm,prefill,512,32,2,18.836605374788476,pp512
3,gemm,prefill,512,32,3,18.33625250786689,pp512
3,gemm,decode,512,32,1,9.522197540105388,tg32
3,gemm,decode,512,32,2,9.469228570318673,tg32
3,gemm,decode,512,32,3,9.4788636441072,tg32
3,gemm,prefill,512,128,1,19.743328734554723,pp512
3,gemm,prefill,512,128,2,20.238519762157168,pp512
3,gemm,prefill,512,128,3,18.69011721911065,pp512
3,gemm,decode,512,128,1,9.373078297082431,tg128
3,gemm,decode,512,128,2,9.391752025322534,tg128
3,gemm,decode,512,128,3,9.310019589569842,tg128
3,off,prefill,128,32,1,18.10924417329365,pp128
3,off,prefill,128,32,2,19.747427496893852,pp128
3,off,prefill,128,32,3,19.01121743674889,pp128
3,off,decode,128,32,1,6.240200316434132,tg32
3,off,decode,128,32,2,6.25883723209291,tg32
3,off,decode,128,32,3,6.253002179785015,tg32
3,off,prefill,128,128,1,18.08536446897207,pp128
3,off,prefill,128,128,2,18.678141241834027,pp128
3,off,prefill,128,128,3,19.34238608150959,pp128
3,off,decode,128,128,1,6.204990413067202,tg128
3,off,decode,128,128,2,6.214868941184462,tg128
3,off,decode,128,128,3,6.234220723162689,tg128
3,off,prefill,512,32,1,13.544913793912178,pp512
3,off,prefill,512,32,2,14.770623840649156,pp512
3,off,prefill,512,32,3,16.843999193636435,pp512
3,off,decode,512,32,1,5.89893300502291,tg32
3,off,decode,512,32,2,5.929950905135289,tg32
3,off,decode,512,32,3,5.9734324316604654,tg32
3,off,prefill,512,128,1,14.04674971482719,pp512
3,off,prefill,512,128,2,13.654334446159481,pp512
3,off,prefill,512,128,3,17.751905359037654,pp512
3,off,decode,512,128,1,5.910675703050314,tg128
3,off,decode,512,128,2,5.903522365349407,tg128
3,off,decode,512,128,3,5.928374724693857,tg128
4,both,prefill,128,32,1,371.6519033958664,pp128
4,both,prefill,128,32,2,374.389478148104,pp128
4,both,prefill,128,32,3,371.9629815604139,pp128
4,both,decode,128,32,1,10.386458336609628,tg32
4,both,decode,128,32,2,10.300511505373409,tg32
4,both,decode,128,32,3,10.430003290324482,tg32
4,both,prefill,128,128,1,378.8148430347592,pp128
4,both,prefill,128,128,2,364.58624636236004,pp128
4,both,prefill,128,128,3,364.13612476330877,pp128
4,both,decode,128,128,1,10.205009051190887,tg128
4,both,decode,128,128,2,10.152178961926007,tg128
4,both,decode,128,128,3,10.267785961543149,tg128
4,both,prefill,512,32,1,363.3648710248831,pp512
4,both,prefill,512,32,2,367.28477265504205,pp512
4,both,prefill,512,32,3,369.138621930956,pp512
4,both,decode,512,32,1,9.51777929277009,tg32
4,both,decode,512,32,2,9.46433139696329,tg32
4,both,decode,512,32,3,9.454888392339148,tg32
4,both,prefill,512,128,1,368.2429853796307,pp512
4,both,prefill,512,128,2,359.0945471234821,pp512
4,both,prefill,512,128,3,356.8154216046875,pp512
4,both,decode,512,128,1,9.315922728968399,tg128
4,both,decode,512,128,2,9.34671562417557,tg128
4,both,decode,512,128,3,9.384068246773438,tg128
4,gemm,prefill,128,32,1,41.80168811959824,pp128
4,gemm,prefill,128,32,2,73.33840980220432,pp128
4,gemm,prefill,128,32,3,74.69578332023308,pp128
4,gemm,decode,128,32,1,10.358356463936255,tg32
4,gemm,decode,128,32,2,10.362998702124184,tg32
4,gemm,decode,128,32,3,10.360199758982107,tg32
4,gemm,prefill,128,128,1,75.77517983479672,pp128
4,gemm,prefill,128,128,2,72.76880997595708,pp128
4,gemm,prefill,128,128,3,74.75442019743795,pp128
4,gemm,decode,128,128,1,10.1771446172986,tg128
4,gemm,decode,128,128,2,10.21158660073434,tg128
4,gemm,decode,128,128,3,10.157254243071145,tg128
4,gemm,prefill,512,32,1,19.71589315781155,pp512
4,gemm,prefill,512,32,2,18.845406809394877,pp512
4,gemm,prefill,512,32,3,18.993717980940538,pp512
4,gemm,decode,512,32,1,9.401888174670725,tg32
4,gemm,decode,512,32,2,9.428833956952955,tg32
4,gemm,decode,512,32,3,9.41230479141325,tg32
4,gemm,prefill,512,128,1,17.89479161003984,pp512
4,gemm,prefill,512,128,2,20.701111926647673,pp512
4,gemm,prefill,512,128,3,19.124301994140975,pp512
4,gemm,decode,512,128,1,9.166262227433132,tg128
4,gemm,decode,512,128,2,9.365700793612524,tg128
4,gemm,decode,512,128,3,9.277959624082703,tg128
4,off,prefill,128,32,1,18.351568771485567,pp128
4,off,prefill,128,32,2,21.316674246178867,pp128
4,off,prefill,128,32,3,18.047893636204545,pp128
4,off,decode,128,32,1,6.191930918375991,tg32
4,off,decode,128,32,2,6.253455781958001,tg32
4,off,decode,128,32,3,6.201875976934886,tg32
4,off,prefill,128,128,1,36.693687934642405,pp128
4,off,prefill,128,128,2,18.97974274828831,pp128
4,off,prefill,128,128,3,18.916993707272187,pp128
4,off,decode,128,128,1,6.164470131756211,tg128
4,off,decode,128,128,2,6.163275157602175,tg128
4,off,decode,128,128,3,6.172166900478124,tg128
4,off,prefill,512,32,1,15.876833695822878,pp512
4,off,prefill,512,32,2,14.206415883025628,pp512
4,off,prefill,512,32,3,13.720932618067337,pp512
4,off,decode,512,32,1,5.880642918291163,tg32
4,off,decode,512,32,2,5.856963603002009,tg32
4,off,decode,512,32,3,5.840314445346036,tg32
4,off,prefill,512,128,1,12.59518569474595,pp512
4,off,prefill,512,128,2,14.94682397940688,pp512
4,off,prefill,512,128,3,14.8933762549382,pp512
4,off,decode,512,128,1,5.791308117268844,tg128
4,off,decode,512,128,2,5.812394285405525,tg128
4,off,decode,512,128,3,5.808447511426778,tg128
5,both,prefill,128,32,1,384.329416740848,pp128
5,both,prefill,128,32,2,372.04350018423617,pp128
5,both,prefill,128,32,3,377.2738367543642,pp128
5,both,decode,128,32,1,10.330549677177654,tg32
5,both,decode,128,32,2,10.436707048434421,tg32
5,both,decode,128,32,3,10.456752850056766,tg32
5,both,prefill,128,128,1,382.4073292621322,pp128
5,both,prefill,128,128,2,380.1721087223649,pp128
5,both,prefill,128,128,3,375.38720259207287,pp128
5,both,decode,128,128,1,10.21302573465698,tg128
5,both,decode,128,128,2,10.31157080046002,tg128
5,both,decode,128,128,3,10.324191783421988,tg128
5,both,prefill,512,32,1,367.629789722951,pp512
5,both,prefill,512,32,2,362.52229330756427,pp512
5,both,prefill,512,32,3,369.0427201163393,pp512
5,both,decode,512,32,1,9.44746915497147,tg32
5,both,decode,512,32,2,9.371146440071454,tg32
5,both,decode,512,32,3,9.49442293716402,tg32
5,both,prefill,512,128,1,368.72660477180824,pp512
5,both,prefill,512,128,2,365.8493639520684,pp512
5,both,prefill,512,128,3,368.1932555650022,pp512
5,both,decode,512,128,1,9.38346136729302,tg128
5,both,decode,512,128,2,9.291456951953867,tg128
5,both,decode,512,128,3,9.389821787487332,tg128
5,gemm,prefill,128,32,1,73.52519963642318,pp128
5,gemm,prefill,128,32,2,75.063319663333,pp128
5,gemm,prefill,128,32,3,72.69390184567739,pp128
5,gemm,decode,128,32,1,10.374407063345624,tg32
5,gemm,decode,128,32,2,10.279586580037188,tg32
5,gemm,decode,128,32,3,10.378549890333014,tg32
5,gemm,prefill,128,128,1,79.03385241811701,pp128
5,gemm,prefill,128,128,2,76.59904650738953,pp128
5,gemm,prefill,128,128,3,74.61673220136241,pp128
5,gemm,decode,128,128,1,10.359597735563643,tg128
5,gemm,decode,128,128,2,10.21699967671287,tg128
5,gemm,decode,128,128,3,10.194662145729058,tg128
5,gemm,prefill,512,32,1,17.756746963743687,pp512
5,gemm,prefill,512,32,2,20.57341591790286,pp512
5,gemm,prefill,512,32,3,19.490575736978187,pp512
5,gemm,decode,512,32,1,9.447459316832296,tg32
5,gemm,decode,512,32,2,9.518539206606722,tg32
5,gemm,decode,512,32,3,9.513379495885752,tg32
5,gemm,prefill,512,128,1,19.206987560297115,pp512
5,gemm,prefill,512,128,2,18.596565129580696,pp512
5,gemm,prefill,512,128,3,18.539666084750845,pp512
5,gemm,decode,512,128,1,9.390718327843269,tg128
5,gemm,decode,512,128,2,9.328311962740974,tg128
5,gemm,decode,512,128,3,9.40982258194761,tg128
5,off,prefill,128,32,1,18.40107484544334,pp128
5,off,prefill,128,32,2,19.706537039030888,pp128
5,off,prefill,128,32,3,18.343508122840827,pp128
5,off,decode,128,32,1,6.2462135252153574,tg32
5,off,decode,128,32,2,6.25216236583527,tg32
5,off,decode,128,32,3,6.249952226929159,tg32
5,off,prefill,128,128,1,20.845413120049376,pp128
5,off,prefill,128,128,2,20.007474581912586,pp128
5,off,prefill,128,128,3,18.87586836033229,pp128
5,off,decode,128,128,1,6.206956911887548,tg128
5,off,decode,128,128,2,6.222354252459231,tg128
5,off,decode,128,128,3,6.198885809452084,tg128
5,off,prefill,512,32,1,16.095523325550587,pp512
5,off,prefill,512,32,2,17.635849300730207,pp512
5,off,prefill,512,32,3,16.104856790525425,pp512
5,off,decode,512,32,1,5.937783070023565,tg32
5,off,decode,512,32,2,5.955203259046635,tg32
5,off,decode,512,32,3,5.965224151000423,tg32
5,off,prefill,512,128,1,17.027003193340484,pp512
5,off,prefill,512,128,2,14.29697715087087,pp512
5,off,prefill,512,128,3,18.976749839446885,pp512
5,off,decode,512,128,1,5.901204399030285,tg128
5,off,decode,512,128,2,5.877830597935406,tg128
5,off,decode,512,128,3,5.904642518436568,tg128
